Well Position,Name,Sequence,
A01,IDX097,CAAGCAGAAGACGGCATACGAGATctcatggGTGACTGGAGTTCAGACGTGT,ctcatgg
A02,IDX098,CAAGCAGAAGACGGCATACGAGATgcttcggGTGACTGGAGTTCAGACGTGT,gcttcgg
A03,IDX099,CAAGCAGAAGACGGCATACGAGATcaatcggGTGACTGGAGTTCAGACGTGT,caatcgg
A04,IDX100,CAAGCAGAAGACGGCATACGAGATatggcggGTGACTGGAGTTCAGACGTGT,atggcgg
A05,IDX101,CAAGCAGAAGACGGCATACGAGATtatccggGTGACTGGAGTTCAGACGTGT,tatccgg
A06,IDX102,CAAGCAGAAGACGGCATACGAGATgtaccggGTGACTGGAGTTCAGACGTGT,gtaccgg
A07,IDX103,CAAGCAGAAGACGGCATACGAGATcggacggGTGACTGGAGTTCAGACGTGT,cggacgg
A08,IDX104,CAAGCAGAAGACGGCATACGAGATtcaacggGTGACTGGAGTTCAGACGTGT,tcaacgg
A09,IDX105,CAAGCAGAAGACGGCATACGAGATcgttaggGTGACTGGAGTTCAGACGTGT,cgttagg
A10,IDX106,CAAGCAGAAGACGGCATACGAGATacctaggGTGACTGGAGTTCAGACGTGT,acctagg
A11,IDX107,CAAGCAGAAGACGGCATACGAGATggcgaggGTGACTGGAGTTCAGACGTGT,ggcgagg
A12,IDX108,CAAGCAGAAGACGGCATACGAGATctagaggGTGACTGGAGTTCAGACGTGT,ctagagg
B01,IDX109,CAAGCAGAAGACGGCATACGAGATattaaggGTGACTGGAGTTCAGACGTGT,attaagg
B02,IDX110,CAAGCAGAAGACGGCATACGAGATgcgaaggGTGACTGGAGTTCAGACGTGT,gcgaagg
B03,IDX111,CAAGCAGAAGACGGCATACGAGATgcattcgGTGACTGGAGTTCAGACGTGT,gcattcg
B04,IDX112,CAAGCAGAAGACGGCATACGAGATcaggtcgGTGACTGGAGTTCAGACGTGT,caggtcg
B05,IDX113,CAAGCAGAAGACGGCATACGAGATaccgtcgGTGACTGGAGTTCAGACGTGT,accgtcg
B06,IDX114,CAAGCAGAAGACGGCATACGAGATgatctcgGTGACTGGAGTTCAGACGTGT,gatctcg
B07,IDX115,CAAGCAGAAGACGGCATACGAGATcgaatcgGTGACTGGAGTTCAGACGTGT,cgaatcg
B08,IDX116,CAAGCAGAAGACGGCATACGAGATccttgcgGTGACTGGAGTTCAGACGTGT,ccttgcg
B09,IDX117,CAAGCAGAAGACGGCATACGAGATggctgcgGTGACTGGAGTTCAGACGTGT,ggctgcg
B10,IDX118,CAAGCAGAAGACGGCATACGAGATgttggcgGTGACTGGAGTTCAGACGTGT,gttggcg
B11,IDX119,CAAGCAGAAGACGGCATACGAGATtgaggcgGTGACTGGAGTTCAGACGTGT,tgaggcg
B12,IDX120,CAAGCAGAAGACGGCATACGAGATctgcgcgGTGACTGGAGTTCAGACGTGT,ctgcgcg
C01,IDX121,CAAGCAGAAGACGGCATACGAGATaatagcgGTGACTGGAGTTCAGACGTGT,aatagcg
C02,IDX122,CAAGCAGAAGACGGCATACGAGATacgtccgGTGACTGGAGTTCAGACGTGT,acgtccg
C03,IDX123,CAAGCAGAAGACGGCATACGAGATtacgccgGTGACTGGAGTTCAGACGTGT,tacgccg
C04,IDX124,CAAGCAGAAGACGGCATACGAGATccagccgGTGACTGGAGTTCAGACGTGT,ccagccg
C05,IDX125,CAAGCAGAAGACGGCATACGAGATcttaccgGTGACTGGAGTTCAGACGTGT,cttaccg
C06,IDX126,CAAGCAGAAGACGGCATACGAGATgagaccgGTGACTGGAGTTCAGACGTGT,gagaccg
C07,IDX127,CAAGCAGAAGACGGCATACGAGATatatacgGTGACTGGAGTTCAGACGTGT,atatacg
C08,IDX128,CAAGCAGAAGACGGCATACGAGATaggaacgGTGACTGGAGTTCAGACGTGT,aggaacg
C09,IDX129,CAAGCAGAAGACGGCATACGAGATgaagtagGTGACTGGAGTTCAGACGTGT,gaagtag
C10,IDX130,CAAGCAGAAGACGGCATACGAGATaagatagGTGACTGGAGTTCAGACGTGT,aagatag
C11,IDX131,CAAGCAGAAGACGGCATACGAGATgccatagGTGACTGGAGTTCAGACGTGT,gccatag
C12,IDX132,CAAGCAGAAGACGGCATACGAGATatctgagGTGACTGGAGTTCAGACGTGT,atctgag
D01,IDX133,CAAGCAGAAGACGGCATACGAGATcgatgagGTGACTGGAGTTCAGACGTGT,cgatgag
D02,IDX134,CAAGCAGAAGACGGCATACGAGATactggagGTGACTGGAGTTCAGACGTGT,actggag
D03,IDX135,CAAGCAGAAGACGGCATACGAGATcatcgagGTGACTGGAGTTCAGACGTGT,catcgag
D04,IDX136,CAAGCAGAAGACGGCATACGAGATgcgcgagGTGACTGGAGTTCAGACGTGT,gcgcgag
D05,IDX137,CAAGCAGAAGACGGCATACGAGATtgcagagGTGACTGGAGTTCAGACGTGT,tgcagag
D06,IDX138,CAAGCAGAAGACGGCATACGAGATtagtcagGTGACTGGAGTTCAGACGTGT,tagtcag
D07,IDX139,CAAGCAGAAGACGGCATACGAGATgtcgcagGTGACTGGAGTTCAGACGTGT,gtcgcag
D08,IDX140,CAAGCAGAAGACGGCATACGAGATaggccagGTGACTGGAGTTCAGACGTGT,aggccag
D09,IDX141,CAAGCAGAAGACGGCATACGAGATaacgaagGTGACTGGAGTTCAGACGTGT,aacgaag
D10,IDX142,CAAGCAGAAGACGGCATACGAGATggtcaagGTGACTGGAGTTCAGACGTGT,ggtcaag
D11,IDX143,CAAGCAGAAGACGGCATACGAGATttccaagGTGACTGGAGTTCAGACGTGT,ttccaag
D12,IDX144,CAAGCAGAAGACGGCATACGAGATtaagttcGTGACTGGAGTTCAGACGTGT,taagttc
E01,IDX145,CAAGCAGAAGACGGCATACGAGATacgcttcGTGACTGGAGTTCAGACGTGT,acgcttc
E02,IDX146,CAAGCAGAAGACGGCATACGAGATgagattcGTGACTGGAGTTCAGACGTGT,gagattc
E03,IDX147,CAAGCAGAAGACGGCATACGAGATatcggtcGTGACTGGAGTTCAGACGTGT,atcggtc
E04,IDX148,CAAGCAGAAGACGGCATACGAGATaatcgtcGTGACTGGAGTTCAGACGTGT,aatcgtc
E05,IDX149,CAAGCAGAAGACGGCATACGAGATcgccgtcGTGACTGGAGTTCAGACGTGT,cgccgtc
E06,IDX150,CAAGCAGAAGACGGCATACGAGATgtacgtcGTGACTGGAGTTCAGACGTGT,gtacgtc
E07,IDX151,CAAGCAGAAGACGGCATACGAGATagaagtcGTGACTGGAGTTCAGACGTGT,agaagtc
E08,IDX152,CAAGCAGAAGACGGCATACGAGATgcctctcGTGACTGGAGTTCAGACGTGT,gcctctc
E09,IDX153,CAAGCAGAAGACGGCATACGAGATcaacctcGTGACTGGAGTTCAGACGTGT,caacctc
E10,IDX154,CAAGCAGAAGACGGCATACGAGATgttactcGTGACTGGAGTTCAGACGTGT,gttactc
E11,IDX155,CAAGCAGAAGACGGCATACGAGATgacgatcGTGACTGGAGTTCAGACGTGT,gacgatc
E12,IDX156,CAAGCAGAAGACGGCATACGAGATcgagatcGTGACTGGAGTTCAGACGTGT,cgagatc
F01,IDX157,CAAGCAGAAGACGGCATACGAGATtggcatcGTGACTGGAGTTCAGACGTGT,tggcatc
F02,IDX158,CAAGCAGAAGACGGCATACGAGATcctaatcGTGACTGGAGTTCAGACGTGT,cctaatc
F03,IDX159,CAAGCAGAAGACGGCATACGAGATcagttgcGTGACTGGAGTTCAGACGTGT,cagttgc
F04,IDX160,CAAGCAGAAGACGGCATACGAGATatcttgcGTGACTGGAGTTCAGACGTGT,atcttgc
F05,IDX161,CAAGCAGAAGACGGCATACGAGATcttctgcGTGACTGGAGTTCAGACGTGT,cttctgc
F06,IDX162,CAAGCAGAAGACGGCATACGAGATggactgcGTGACTGGAGTTCAGACGTGT,ggactgc
F07,IDX163,CAAGCAGAAGACGGCATACGAGATaatatgcGTGACTGGAGTTCAGACGTGT,aatatgc
F08,IDX164,CAAGCAGAAGACGGCATACGAGATccaatgcGTGACTGGAGTTCAGACGTGT,ccaatgc
F09,IDX165,CAAGCAGAAGACGGCATACGAGATgcatggcGTGACTGGAGTTCAGACGTGT,gcatggc
F10,IDX166,CAAGCAGAAGACGGCATACGAGATaggcggcGTGACTGGAGTTCAGACGTGT,aggcggc
F11,IDX167,CAAGCAGAAGACGGCATACGAGATcgtaggcGTGACTGGAGTTCAGACGTGT,cgtaggc
F12,IDX168,CAAGCAGAAGACGGCATACGAGATtactcgcGTGACTGGAGTTCAGACGTGT,tactcgc
G01,IDX169,CAAGCAGAAGACGGCATACGAGATagatcgcGTGACTGGAGTTCAGACGTGT,agatcgc
G02,IDX170,CAAGCAGAAGACGGCATACGAGATgattagcGTGACTGGAGTTCAGACGTGT,gattagc
G03,IDX171,CAAGCAGAAGACGGCATACGAGATacggagcGTGACTGGAGTTCAGACGTGT,acggagc
G04,IDX172,CAAGCAGAAGACGGCATACGAGATttcgagcGTGACTGGAGTTCAGACGTGT,ttcgagc
G05,IDX173,CAAGCAGAAGACGGCATACGAGATtctcagcGTGACTGGAGTTCAGACGTGT,tctcagc
G06,IDX174,CAAGCAGAAGACGGCATACGAGATaaccagcGTGACTGGAGTTCAGACGTGT,aaccagc
G07,IDX175,CAAGCAGAAGACGGCATACGAGATctgaagcGTGACTGGAGTTCAGACGTGT,ctgaagc
G08,IDX176,CAAGCAGAAGACGGCATACGAGATttgatccGTGACTGGAGTTCAGACGTGT,ttgatcc
G09,IDX177,CAAGCAGAAGACGGCATACGAGATctatgccGTGACTGGAGTTCAGACGTGT,ctatgcc
G10,IDX178,CAAGCAGAAGACGGCATACGAGATgaccgccGTGACTGGAGTTCAGACGTGT,gaccgcc
G11,IDX179,CAAGCAGAAGACGGCATACGAGATgctagccGTGACTGGAGTTCAGACGTGT,gctagcc
G12,IDX180,CAAGCAGAAGACGGCATACGAGATcagagccGTGACTGGAGTTCAGACGTGT,cagagcc
H01,IDX181,CAAGCAGAAGACGGCATACGAGATagttaccGTGACTGGAGTTCAGACGTGT,agttacc
H02,IDX182,CAAGCAGAAGACGGCATACGAGATgcgtaccGTGACTGGAGTTCAGACGTGT,gcgtacc
H03,IDX183,CAAGCAGAAGACGGCATACGAGATcttgaccGTGACTGGAGTTCAGACGTGT,cttgacc
H04,IDX184,CAAGCAGAAGACGGCATACGAGATgtcaaccGTGACTGGAGTTCAGACGTGT,gtcaacc
H05,IDX185,CAAGCAGAAGACGGCATACGAGATggcttacGTGACTGGAGTTCAGACGTGT,ggcttac
H06,IDX186,CAAGCAGAAGACGGCATACGAGATccggtacGTGACTGGAGTTCAGACGTGT,ccggtac
H07,IDX187,CAAGCAGAAGACGGCATACGAGATatagtacGTGACTGGAGTTCAGACGTGT,atagtac
H08,IDX188,CAAGCAGAAGACGGCATACGAGATgccggacGTGACTGGAGTTCAGACGTGT,gccggac
H09,IDX189,CAAGCAGAAGACGGCATACGAGATattagacGTGACTGGAGTTCAGACGTGT,attagac
H10,IDX190,CAAGCAGAAGACGGCATACGAGATcggtaacGTGACTGGAGTTCAGACGTGT,cggtaac
H11,IDX191,CAAGCAGAAGACGGCATACGAGATgtataacGTGACTGGAGTTCAGACGTGT,gtataac
H12,IDX192,CAAGCAGAAGACGGCATACGAGATatgcaacGTGACTGGAGTTCAGACGTGT,atgcaac
